{
  "Total" : {
    "transaction" : "Total",
    "sampleCount" : 20,
    "errorCount" : 0,
    "errorPct" : 0.0,
    "meanResTime" : 207.7,
    "medianResTime" : 195.5,
    "minResTime" : 177.0,
    "maxResTime" : 285.0,
    "pct1ResTime" : 263.3,
    "pct2ResTime" : 284.0,
    "pct3ResTime" : 285.0,
    "throughput" : 17.182130584192443,
    "receivedKBytesPerSec" : 140.24830192225087,
    "sentKBytesPerSec" : 2.4590246456185567
  },
  "HTTP Request" : {
    "transaction" : "HTTP Request",
    "sampleCount" : 20,
    "errorCount" : 0,
    "errorPct" : 0.0,
    "meanResTime" : 207.7,
    "medianResTime" : 195.5,
    "minResTime" : 177.0,
    "maxResTime" : 285.0,
    "pct1ResTime" : 263.3,
    "pct2ResTime" : 284.0,
    "pct3ResTime" : 285.0,
    "throughput" : 17.182130584192443,
    "receivedKBytesPerSec" : 140.24830192225087,
    "sentKBytesPerSec" : 2.4590246456185567
  }
}